[
{
  "model": "auth.permission",
  "pk": 1,
  "fields": {
    "name": "Can add log entry",
    "content_type": 1,
    "codename": "add_logentry"
  }
},
{
  "model": "auth.permission",
  "pk": 2,
  "fields": {
    "name": "Can change log entry",
    "content_type": 1,
    "codename": "change_logentry"
  }
},
{
  "model": "auth.permission",
  "pk": 3,
  "fields": {
    "name": "Can delete log entry",
    "content_type": 1,
    "codename": "delete_logentry"
  }
},
{
  "model": "auth.permission",
  "pk": 4,
  "fields": {
    "name": "Can view log entry",
    "content_type": 1,
    "codename": "view_logentry"
  }
},
{
  "model": "auth.permission",
  "pk": 5,
  "fields": {
    "name": "Can add permission",
    "content_type": 2,
    "codename": "add_permission"
  }
},
{
  "model": "auth.permission",
  "pk": 6,
  "fields": {
    "name": "Can change permission",
    "content_type": 2,
    "codename": "change_permission"
  }
},
{
  "model": "auth.permission",
  "pk": 7,
  "fields": {
    "name": "Can delete permission",
    "content_type": 2,
    "codename": "delete_permission"
  }
},
{
  "model": "auth.permission",
  "pk": 8,
  "fields": {
    "name": "Can view permission",
    "content_type": 2,
    "codename": "view_permission"
  }
},
{
  "model": "auth.permission",
  "pk": 9,
  "fields": {
    "name": "Can add group",
    "content_type": 3,
    "codename": "add_group"
  }
},
{
  "model": "auth.permission",
  "pk": 10,
  "fields": {
    "name": "Can change group",
    "content_type": 3,
    "codename": "change_group"
  }
},
{
  "model": "auth.permission",
  "pk": 11,
  "fields": {
    "name": "Can delete group",
    "content_type": 3,
    "codename": "delete_group"
  }
},
{
  "model": "auth.permission",
  "pk": 12,
  "fields": {
    "name": "Can view group",
    "content_type": 3,
    "codename": "view_group"
  }
},
{
  "model": "auth.permission",
  "pk": 13,
  "fields": {
    "name": "Can add user",
    "content_type": 4,
    "codename": "add_user"
  }
},
{
  "model": "auth.permission",
  "pk": 14,
  "fields": {
    "name": "Can change user",
    "content_type": 4,
    "codename": "change_user"
  }
},
{
  "model": "auth.permission",
  "pk": 15,
  "fields": {
    "name": "Can delete user",
    "content_type": 4,
    "codename": "delete_user"
  }
},
{
  "model": "auth.permission",
  "pk": 16,
  "fields": {
    "name": "Can view user",
    "content_type": 4,
    "codename": "view_user"
  }
},
{
  "model": "auth.permission",
  "pk": 17,
  "fields": {
    "name": "Can add content type",
    "content_type": 5,
    "codename": "add_contenttype"
  }
},
{
  "model": "auth.permission",
  "pk": 18,
  "fields": {
    "name": "Can change content type",
    "content_type": 5,
    "codename": "change_contenttype"
  }
},
{
  "model": "auth.permission",
  "pk": 19,
  "fields": {
    "name": "Can delete content type",
    "content_type": 5,
    "codename": "delete_contenttype"
  }
},
{
  "model": "auth.permission",
  "pk": 20,
  "fields": {
    "name": "Can view content type",
    "content_type": 5,
    "codename": "view_contenttype"
  }
},
{
  "model": "auth.permission",
  "pk": 21,
  "fields": {
    "name": "Can add session",
    "content_type": 6,
    "codename": "add_session"
  }
},
{
  "model": "auth.permission",
  "pk": 22,
  "fields": {
    "name": "Can change session",
    "content_type": 6,
    "codename": "change_session"
  }
},
{
  "model": "auth.permission",
  "pk": 23,
  "fields": {
    "name": "Can delete session",
    "content_type": 6,
    "codename": "delete_session"
  }
},
{
  "model": "auth.permission",
  "pk": 24,
  "fields": {
    "name": "Can view session",
    "content_type": 6,
    "codename": "view_session"
  }
},
{
  "model": "auth.user",
  "pk": 5,
  "fields": {
    "password": "pbkdf2_sha256$870000$YzBx1UOd9wNIGXsjvrkElT$JP7oT+h94EbtU8Dfvbu4VhlUbTSnpI3KmR3tdeif3Xk=",
    "last_login": "2025-03-18T11:56:59Z",
    "is_superuser": true,
    "username": "admin",
    "first_name": "",
    "last_name": "",
    "email": "l39150542@student.ua92.ac.uk",
    "is_staff": true,
    "is_active": true,
    "date_joined": "2025-03-18T11:56:22.280Z",
    "groups": [],
    "user_permissions": []
  }
},
{
  "model": "auth.user",
  "pk": 6,
  "fields": {
    "password": "pbkdf2_sha256$870000$m2OFHcklxiZlEMIvYMKGU1$n6aufIpz4hqQ9ynAy/AR5YqDapVtzQwuKpeBZQor3NU=",
    "last_login": "2025-04-11T04:19:06Z",
    "is_superuser": false,
    "username": "sample_user",
    "first_name": "",
    "last_name": "",
    "email": "example@email.com",
    "is_staff": false,
    "is_active": true,
    "date_joined": "2025-03-18T12:21:18.594Z",
    "groups": [],
    "user_permissions": []
  }
},
{
  "model": "contenttypes.contenttype",
  "pk": 1,
  "fields": {
    "app_label": "admin",
    "model": "logentry"
  }
},
{
  "model": "contenttypes.contenttype",
  "pk": 2,
  "fields": {
    "app_label": "auth",
    "model": "permission"
  }
},
{
  "model": "contenttypes.contenttype",
  "pk": 3,
  "fields": {
    "app_label": "auth",
    "model": "group"
  }
},
{
  "model": "contenttypes.contenttype",
  "pk": 4,
  "fields": {
    "app_label": "auth",
    "model": "user"
  }
},
{
  "model": "contenttypes.contenttype",
  "pk": 5,
  "fields": {
    "app_label": "contenttypes",
    "model": "contenttype"
  }
},
{
  "model": "contenttypes.contenttype",
  "pk": 6,
  "fields": {
    "app_label": "sessions",
    "model": "session"
  }
},
{
  "model": "sessions.session",
  "pk": "6by28sdtjbyo10a1s456u4mg2ntjwr7e",
  "fields": {
    "session_data": ".eJxVjEEOwiAQRe_C2pAC7XR06b5nIDDMSNVAUtqV8e7apAvd_vfefykftjX7rfHi56QuCtTpd4uBHlx2kO6h3KqmWtZljnpX9EGbnmri5_Vw_w5yaPlbY0KDQkNP_dhZZygRRB4cprMYMZaEOocC4lyQAGCRgZAAOLIbwar3B_CsOEk:1u35r8:9NIyhaCe84iLGM5FDRFPQpCUxgXTqYlrHueUNnU91hs",
    "expire_date": "2025-04-25T04:19:06.130Z"
  }
},
{
  "model": "FinalProject.assignedtasks",
  "pk": 15,
  "fields": {
    "operation_type": "",
    "material_used": 2.4,
    "processing_time": 28.0,
    "energy_consumption": 9.1,
    "machine_availability": 59.0,
    "machine_id": "M004",
    "time_budget": 180.0,
    "time_risk": 152.0,
    "exceeds_deadline": 0,
    "priority_label": "Not_High",
    "scheduled_start": "2025-04-11T09:29:00Z",
    "deadline": "2025-04-11T12:29:00Z",
    "priority_score": 0.4604
  }
},
{
  "model": "FinalProject.assignedtasks",
  "pk": 16,
  "fields": {
    "operation_type": "",
    "material_used": 5.2,
    "processing_time": 72.0,
    "energy_consumption": 32.3,
    "machine_availability": 82.0,
    "machine_id": "M003",
    "time_budget": 57.0,
    "time_risk": -15.0,
    "exceeds_deadline": 1,
    "priority_label": "High",
    "scheduled_start": "2025-04-11T07:43:00Z",
    "deadline": "2025-04-11T08:40:00Z",
    "priority_score": 0.9169
  }
},
{
  "model": "FinalProject.assignedtasks",
  "pk": 17,
  "fields": {
    "operation_type": "",
    "material_used": 3.8,
    "processing_time": 60.0,
    "energy_consumption": 26.8,
    "machine_availability": 77.0,
    "machine_id": "M001",
    "time_budget": 60.0,
    "time_risk": 0.0,
    "exceeds_deadline": 0,
    "priority_label": "High",
    "scheduled_start": "2025-04-11T08:05:00Z",
    "deadline": "2025-04-11T09:05:00Z",
    "priority_score": 0.8105
  }
},
{
  "model": "FinalProject.authpermission",
  "pk": 1,
  "fields": {
    "name": "Can add log entry",
    "content_type": 1,
    "codename": "add_logentry"
  }
},
{
  "model": "FinalProject.authpermission",
  "pk": 2,
  "fields": {
    "name": "Can change log entry",
    "content_type": 1,
    "codename": "change_logentry"
  }
},
{
  "model": "FinalProject.authpermission",
  "pk": 3,
  "fields": {
    "name": "Can delete log entry",
    "content_type": 1,
    "codename": "delete_logentry"
  }
},
{
  "model": "FinalProject.authpermission",
  "pk": 4,
  "fields": {
    "name": "Can view log entry",
    "content_type": 1,
    "codename": "view_logentry"
  }
},
{
  "model": "FinalProject.authpermission",
  "pk": 5,
  "fields": {
    "name": "Can add permission",
    "content_type": 2,
    "codename": "add_permission"
  }
},
{
  "model": "FinalProject.authpermission",
  "pk": 6,
  "fields": {
    "name": "Can change permission",
    "content_type": 2,
    "codename": "change_permission"
  }
},
{
  "model": "FinalProject.authpermission",
  "pk": 7,
  "fields": {
    "name": "Can delete permission",
    "content_type": 2,
    "codename": "delete_permission"
  }
},
{
  "model": "FinalProject.authpermission",
  "pk": 8,
  "fields": {
    "name": "Can view permission",
    "content_type": 2,
    "codename": "view_permission"
  }
},
{
  "model": "FinalProject.authpermission",
  "pk": 9,
  "fields": {
    "name": "Can add group",
    "content_type": 3,
    "codename": "add_group"
  }
},
{
  "model": "FinalProject.authpermission",
  "pk": 10,
  "fields": {
    "name": "Can change group",
    "content_type": 3,
    "codename": "change_group"
  }
},
{
  "model": "FinalProject.authpermission",
  "pk": 11,
  "fields": {
    "name": "Can delete group",
    "content_type": 3,
    "codename": "delete_group"
  }
},
{
  "model": "FinalProject.authpermission",
  "pk": 12,
  "fields": {
    "name": "Can view group",
    "content_type": 3,
    "codename": "view_group"
  }
},
{
  "model": "FinalProject.authpermission",
  "pk": 13,
  "fields": {
    "name": "Can add user",
    "content_type": 4,
    "codename": "add_user"
  }
},
{
  "model": "FinalProject.authpermission",
  "pk": 14,
  "fields": {
    "name": "Can change user",
    "content_type": 4,
    "codename": "change_user"
  }
},
{
  "model": "FinalProject.authpermission",
  "pk": 15,
  "fields": {
    "name": "Can delete user",
    "content_type": 4,
    "codename": "delete_user"
  }
},
{
  "model": "FinalProject.authpermission",
  "pk": 16,
  "fields": {
    "name": "Can view user",
    "content_type": 4,
    "codename": "view_user"
  }
},
{
  "model": "FinalProject.authpermission",
  "pk": 17,
  "fields": {
    "name": "Can add content type",
    "content_type": 5,
    "codename": "add_contenttype"
  }
},
{
  "model": "FinalProject.authpermission",
  "pk": 18,
  "fields": {
    "name": "Can change content type",
    "content_type": 5,
    "codename": "change_contenttype"
  }
},
{
  "model": "FinalProject.authpermission",
  "pk": 19,
  "fields": {
    "name": "Can delete content type",
    "content_type": 5,
    "codename": "delete_contenttype"
  }
},
{
  "model": "FinalProject.authpermission",
  "pk": 20,
  "fields": {
    "name": "Can view content type",
    "content_type": 5,
    "codename": "view_contenttype"
  }
},
{
  "model": "FinalProject.authpermission",
  "pk": 21,
  "fields": {
    "name": "Can add session",
    "content_type": 6,
    "codename": "add_session"
  }
},
{
  "model": "FinalProject.authpermission",
  "pk": 22,
  "fields": {
    "name": "Can change session",
    "content_type": 6,
    "codename": "change_session"
  }
},
{
  "model": "FinalProject.authpermission",
  "pk": 23,
  "fields": {
    "name": "Can delete session",
    "content_type": 6,
    "codename": "delete_session"
  }
},
{
  "model": "FinalProject.authpermission",
  "pk": 24,
  "fields": {
    "name": "Can view session",
    "content_type": 6,
    "codename": "view_session"
  }
},
{
  "model": "FinalProject.authuser",
  "pk": 5,
  "fields": {
    "password": "pbkdf2_sha256$870000$YzBx1UOd9wNIGXsjvrkElT$JP7oT+h94EbtU8Dfvbu4VhlUbTSnpI3KmR3tdeif3Xk=",
    "is_superuser": 1,
    "username": "admin",
    "first_name": "",
    "last_name": "",
    "email": "l39150542@student.ua92.ac.uk",
    "is_staff": 1,
    "is_active": 1,
    "date_joined": "2025-03-18T11:56:22.280Z",
    "last_login": "2025-03-18T11:56:59Z"
  }
},
{
  "model": "FinalProject.authuser",
  "pk": 6,
  "fields": {
    "password": "pbkdf2_sha256$870000$m2OFHcklxiZlEMIvYMKGU1$n6aufIpz4hqQ9ynAy/AR5YqDapVtzQwuKpeBZQor3NU=",
    "is_superuser": 0,
    "username": "sample_user",
    "first_name": "",
    "last_name": "",
    "email": "example@email.com",
    "is_staff": 0,
    "is_active": 1,
    "date_joined": "2025-03-18T12:21:18.594Z",
    "last_login": "2025-04-11T04:19:06Z"
  }
},
{
  "model": "FinalProject.djangocontenttype",
  "pk": 1,
  "fields": {
    "app_label": "admin",
    "model": "logentry"
  }
},
{
  "model": "FinalProject.djangocontenttype",
  "pk": 2,
  "fields": {
    "app_label": "auth",
    "model": "permission"
  }
},
{
  "model": "FinalProject.djangocontenttype",
  "pk": 3,
  "fields": {
    "app_label": "auth",
    "model": "group"
  }
},
{
  "model": "FinalProject.djangocontenttype",
  "pk": 4,
  "fields": {
    "app_label": "auth",
    "model": "user"
  }
},
{
  "model": "FinalProject.djangocontenttype",
  "pk": 5,
  "fields": {
    "app_label": "contenttypes",
    "model": "contenttype"
  }
},
{
  "model": "FinalProject.djangocontenttype",
  "pk": 6,
  "fields": {
    "app_label": "sessions",
    "model": "session"
  }
},
{
  "model": "FinalProject.djangomigrations",
  "pk": 1,
  "fields": {
    "app": "contenttypes",
    "name": "0001_initial",
    "applied": "2025-03-14T15:33:52.258Z"
  }
},
{
  "model": "FinalProject.djangomigrations",
  "pk": 2,
  "fields": {
    "app": "auth",
    "name": "0001_initial",
    "applied": "2025-03-14T15:33:52.546Z"
  }
},
{
  "model": "FinalProject.djangomigrations",
  "pk": 3,
  "fields": {
    "app": "admin",
    "name": "0001_initial",
    "applied": "2025-03-14T15:33:52.611Z"
  }
},
{
  "model": "FinalProject.djangomigrations",
  "pk": 4,
  "fields": {
    "app": "admin",
    "name": "0002_logentry_remove_auto_add",
    "applied": "2025-03-14T15:33:52.618Z"
  }
},
{
  "model": "FinalProject.djangomigrations",
  "pk": 5,
  "fields": {
    "app": "admin",
    "name": "0003_logentry_add_action_flag_choices",
    "applied": "2025-03-14T15:33:52.624Z"
  }
},
{
  "model": "FinalProject.djangomigrations",
  "pk": 6,
  "fields": {
    "app": "contenttypes",
    "name": "0002_remove_content_type_name",
    "applied": "2025-03-14T15:33:52.673Z"
  }
},
{
  "model": "FinalProject.djangomigrations",
  "pk": 7,
  "fields": {
    "app": "auth",
    "name": "0002_alter_permission_name_max_length",
    "applied": "2025-03-14T15:33:52.703Z"
  }
},
{
  "model": "FinalProject.djangomigrations",
  "pk": 8,
  "fields": {
    "app": "auth",
    "name": "0003_alter_user_email_max_length",
    "applied": "2025-03-14T15:33:52.722Z"
  }
},
{
  "model": "FinalProject.djangomigrations",
  "pk": 9,
  "fields": {
    "app": "auth",
    "name": "0004_alter_user_username_opts",
    "applied": "2025-03-14T15:33:52.729Z"
  }
},
{
  "model": "FinalProject.djangomigrations",
  "pk": 10,
  "fields": {
    "app": "auth",
    "name": "0005_alter_user_last_login_null",
    "applied": "2025-03-14T15:33:52.756Z"
  }
},
{
  "model": "FinalProject.djangomigrations",
  "pk": 18,
  "fields": {
    "app": "sessions",
    "name": "0001_initial",
    "applied": "2025-03-14T15:33:52.878Z"
  }
},
{
  "model": "FinalProject.djangomigrations",
  "pk": 19,
  "fields": {
    "app": "FinalProject",
    "name": "0001_initial",
    "applied": "2025-03-14T22:06:04.173Z"
  }
},
{
  "model": "FinalProject.djangomigrations",
  "pk": 20,
  "fields": {
    "app": "auth",
    "name": "0006_require_contenttypes_0002",
    "applied": "2025-03-15T00:18:36.410Z"
  }
},
{
  "model": "FinalProject.djangomigrations",
  "pk": 21,
  "fields": {
    "app": "auth",
    "name": "0007_alter_validators_add_error_messages",
    "applied": "2025-03-15T00:18:36.422Z"
  }
},
{
  "model": "FinalProject.djangomigrations",
  "pk": 22,
  "fields": {
    "app": "auth",
    "name": "0008_alter_user_username_max_length",
    "applied": "2025-03-15T00:18:36.438Z"
  }
},
{
  "model": "FinalProject.djangomigrations",
  "pk": 23,
  "fields": {
    "app": "auth",
    "name": "0009_alter_user_last_name_max_length",
    "applied": "2025-03-15T00:18:36.455Z"
  }
},
{
  "model": "FinalProject.djangomigrations",
  "pk": 24,
  "fields": {
    "app": "auth",
    "name": "0010_alter_group_name_max_length",
    "applied": "2025-03-15T00:18:36.470Z"
  }
},
{
  "model": "FinalProject.djangomigrations",
  "pk": 25,
  "fields": {
    "app": "auth",
    "name": "0011_update_proxy_permissions",
    "applied": "2025-03-15T00:18:36.477Z"
  }
},
{
  "model": "FinalProject.djangomigrations",
  "pk": 26,
  "fields": {
    "app": "auth",
    "name": "0012_alter_user_first_name_max_length",
    "applied": "2025-03-15T00:18:36.494Z"
  }
},
{
  "model": "FinalProject.djangosession",
  "pk": "6by28sdtjbyo10a1s456u4mg2ntjwr7e",
  "fields": {
    "session_data": ".eJxVjEEOwiAQRe_C2pAC7XR06b5nIDDMSNVAUtqV8e7apAvd_vfefykftjX7rfHi56QuCtTpd4uBHlx2kO6h3KqmWtZljnpX9EGbnmri5_Vw_w5yaPlbY0KDQkNP_dhZZygRRB4cprMYMZaEOocC4lyQAGCRgZAAOLIbwar3B_CsOEk:1u35r8:9NIyhaCe84iLGM5FDRFPQpCUxgXTqYlrHueUNnU91hs",
    "expire_date": "2025-04-25T04:19:06.130Z"
  }
},
{
  "model": "FinalProject.historicaltasks",
  "pk": 11,
  "fields": {
    "material_used": 4.5,
    "processing_time": 45.0,
    "energy_consumption": 17.8,
    "machine_availability": 88.0,
    "machine_id": "M001",
    "time_budget": 180.0,
    "time_risk": 3.0,
    "exceeds_deadline": 0,
    "priority_label": "Not_High",
    "scheduled_start": "2025-04-11T08:00:00Z",
    "deadline": "2025-04-11T11:00:00Z"
  }
},
{
  "model": "FinalProject.historicaltasks",
  "pk": 12,
  "fields": {
    "material_used": 3.9,
    "processing_time": 50.0,
    "energy_consumption": 20.4,
    "machine_availability": 76.0,
    "machine_id": "M002",
    "time_budget": 240.0,
    "time_risk": 1.0,
    "exceeds_deadline": 0,
    "priority_label": "Not_High",
    "scheduled_start": "2025-04-11T09:00:00Z",
    "deadline": "2025-04-11T13:00:00Z"
  }
},
{
  "model": "FinalProject.historicaltasks",
  "pk": 13,
  "fields": {
    "material_used": 6.1,
    "processing_time": 70.0,
    "energy_consumption": 28.5,
    "machine_availability": 92.0,
    "machine_id": "M003",
    "time_budget": 300.0,
    "time_risk": 5.0,
    "exceeds_deadline": 0,
    "priority_label": "Not_High",
    "scheduled_start": "2025-04-11T07:30:00Z",
    "deadline": "2025-04-11T12:30:00Z"
  }
},
{
  "model": "FinalProject.historicaltasks",
  "pk": 14,
  "fields": {
    "material_used": 2.8,
    "processing_time": 40.0,
    "energy_consumption": 12.6,
    "machine_availability": 85.0,
    "machine_id": "M004",
    "time_budget": 180.0,
    "time_risk": -1.5,
    "exceeds_deadline": 1,
    "priority_label": "High",
    "scheduled_start": "2025-04-11T10:00:00Z",
    "deadline": "2025-04-11T13:00:00Z"
  }
},
{
  "model": "FinalProject.historicaltasks",
  "pk": 15,
  "fields": {
    "material_used": 5.6,
    "processing_time": 90.0,
    "energy_consumption": 36.3,
    "machine_availability": 90.0,
    "machine_id": "M001",
    "time_budget": 360.0,
    "time_risk": 7.0,
    "exceeds_deadline": 0,
    "priority_label": "Not_High",
    "scheduled_start": "2025-04-11T12:00:00Z",
    "deadline": "2025-04-11T18:00:00Z"
  }
},
{
  "model": "FinalProject.historicaltasks",
  "pk": 16,
  "fields": {
    "material_used": 3.2,
    "processing_time": 35.0,
    "energy_consumption": 15.0,
    "machine_availability": 70.0,
    "machine_id": "M003",
    "time_budget": 150.0,
    "time_risk": 2.0,
    "exceeds_deadline": 0,
    "priority_label": "Not_High",
    "scheduled_start": "2025-04-11T13:30:00Z",
    "deadline": "2025-04-11T16:00:00Z"
  }
},
{
  "model": "FinalProject.historicaltasks",
  "pk": 17,
  "fields": {
    "material_used": 5.0,
    "processing_time": 60.0,
    "energy_consumption": 25.4,
    "machine_availability": 80.0,
    "machine_id": "M002",
    "time_budget": 180.0,
    "time_risk": -3.0,
    "exceeds_deadline": 1,
    "priority_label": "High",
    "scheduled_start": "2025-04-11T14:00:00Z",
    "deadline": "2025-04-11T17:00:00Z"
  }
},
{
  "model": "FinalProject.historicaltasks",
  "pk": 18,
  "fields": {
    "material_used": 2.4,
    "processing_time": 120.0,
    "energy_consumption": 18.9,
    "machine_availability": 55.0,
    "machine_id": "M004",
    "time_budget": 90.0,
    "time_risk": 15.0,
    "exceeds_deadline": 1,
    "priority_label": "Not_High",
    "scheduled_start": "2025-04-11T09:00:00Z",
    "deadline": "2025-04-11T10:30:00Z"
  }
},
{
  "model": "FinalProject.historicaltasks",
  "pk": 19,
  "fields": {
    "material_used": 3.7,
    "processing_time": 110.0,
    "energy_consumption": 22.1,
    "machine_availability": 63.0,
    "machine_id": "M002",
    "time_budget": 100.0,
    "time_risk": 10.0,
    "exceeds_deadline": 1,
    "priority_label": "Not_High",
    "scheduled_start": "2025-04-11T11:00:00Z",
    "deadline": "2025-04-11T12:40:00Z"
  }
},
{
  "model": "FinalProject.historicaltasks",
  "pk": 20,
  "fields": {
    "material_used": 1.9,
    "processing_time": 130.0,
    "energy_consumption": 19.7,
    "machine_availability": 60.0,
    "machine_id": "M003",
    "time_budget": 105.0,
    "time_risk": 12.0,
    "exceeds_deadline": 1,
    "priority_label": "Not_High",
    "scheduled_start": "2025-04-11T15:00:00Z",
    "deadline": "2025-04-11T16:45:00Z"
  }
},
{
  "model": "FinalProject.historicaltasks",
  "pk": 21,
  "fields": {
    "material_used": 4.8,
    "processing_time": 38.0,
    "energy_consumption": 14.5,
    "machine_availability": 73.0,
    "machine_id": "M001",
    "time_budget": 60.0,
    "time_risk": 22.0,
    "exceeds_deadline": 0,
    "priority_label": "High",
    "scheduled_start": "2025-04-11T01:25:00Z",
    "deadline": "2025-04-11T02:25:00Z"
  }
},
{
  "model": "FinalProject.historicaltasks",
  "pk": 22,
  "fields": {
    "material_used": 3.5,
    "processing_time": 50.0,
    "energy_consumption": 20.2,
    "machine_availability": 65.0,
    "machine_id": "M002",
    "time_budget": 20.0,
    "time_risk": -30.0,
    "exceeds_deadline": 1,
    "priority_label": "High",
    "scheduled_start": "2025-04-11T07:28:00Z",
    "deadline": "2025-04-11T07:48:00Z"
  }
},
{
  "model": "FinalProject.unassignedtasks",
  "pk": 16,
  "fields": {
    "operation_type": "Milling",
    "material_used": 2.1,
    "processing_time": 30.0,
    "energy_consumption": 7.6,
    "machine_availability": 48.0,
    "machine_id": "M002",
    "scheduled_start": "2025-04-11T15:00:00Z",
    "deadline": "2025-04-11T17:00:00Z"
  }
},
{
  "model": "FinalProject.unassignedtasks",
  "pk": 17,
  "fields": {
    "operation_type": "Grinding",
    "material_used": 5.5,
    "processing_time": 78.0,
    "energy_consumption": 35.5,
    "machine_availability": 91.0,
    "machine_id": "M003",
    "scheduled_start": "2025-04-11T08:45:00Z",
    "deadline": "2025-04-11T13:00:00Z"
  }
},
{
  "model": "FinalProject.unassignedtasks",
  "pk": 18,
  "fields": {
    "operation_type": "Drilling",
    "material_used": 4.2,
    "processing_time": 190.0,
    "energy_consumption": 37.5,
    "machine_availability": 67.0,
    "machine_id": "M004",
    "scheduled_start": "2025-04-11T06:00:00Z",
    "deadline": "2025-04-11T08:30:00Z"
  }
},
{
  "model": "FinalProject.unassignedtasks",
  "pk": 19,
  "fields": {
    "operation_type": "Additive",
    "material_used": 6.1,
    "processing_time": 125.0,
    "energy_consumption": 42.1,
    "machine_availability": 79.0,
    "machine_id": "M001",
    "scheduled_start": "2025-04-11T10:00:00Z",
    "deadline": "2025-04-11T12:00:00Z"
  }
},
{
  "model": "FinalProject.unassignedtasks",
  "pk": 20,
  "fields": {
    "operation_type": "Additive",
    "material_used": 3.6,
    "processing_time": 105.0,
    "energy_consumption": 18.9,
    "machine_availability": 56.0,
    "machine_id": "M002",
    "scheduled_start": "2025-04-11T11:00:00Z",
    "deadline": "2025-04-11T12:30:00Z"
  }
}
]
